State.Name,City.Name,County.Name,Latitude,Longitude,Parameter.Name,Units.of.Measure,Metric.Used,Sample.Duration,Observation.Count
Massachusetts,Truro,Barnstable,  41.975803999999997, -70.023598000000007,Ozone,Parts per million,Daily maximum of 8-hour running average,8-HR RUN AVG BEGIN HOUR,5116
Massachusetts,Adams,Berkshire,  42.636679999999998, -73.167428000000001,Ozone,Parts per million,Daily maximum of 8-hour running average,8-HR RUN AVG BEGIN HOUR,4109
Massachusetts,Pittsfield,Berkshire,  42.448008999999999, -73.254108000000002,PM2.5 - Local Conditions,Micrograms/cubic meter (LC),Daily Mean,24 HOUR,121
Massachusetts,Pittsfield,Berkshire,  42.448008999999999, -73.254108000000002,PM2.5 - Local Conditions,Micrograms/cubic meter (LC),Daily Mean,24 HOUR,121
Massachusetts,Fall River,Bristol,  41.685707000000001, -71.169235000000000,Ozone,Parts per million,Daily maximum of 8-hour running average,8-HR RUN AVG BEGIN HOUR,5281
Massachusetts,Fall River,Bristol,  41.685707000000001, -71.169235000000000,PM2.5 - Local Conditions,Micrograms/cubic meter (LC),Daily Mean,24 HOUR,116
Massachusetts,Fall River,Bristol,  41.685707000000001, -71.169235000000000,PM2.5 - Local Conditions,Micrograms/cubic meter (LC),Daily Mean,24 HOUR,116
Massachusetts,Fairhaven (Town of),Bristol,  41.645381000000000, -70.897503999999998,Ozone,Parts per million,Daily maximum of 8-hour running average,8-HR RUN AVG BEGIN HOUR,3096
Massachusetts,Aquinnah,Dukes,  41.330469000000001, -70.785224999999997,Ozone,Parts per million,Daily maximum of 8-hour running average,8-HR RUN AVG BEGIN HOUR,5129
Massachusetts,Lynn,Essex,  42.474642000000003, -70.970815999999999,Nitrogen dioxide (NO2),Parts per billion,Observed values,1 HOUR,8297
Massachusetts,Lynn,Essex,  42.474642000000003, -70.970815999999999,Ozone,Parts per million,Daily maximum of 8-hour running average,8-HR RUN AVG BEGIN HOUR,6107
Massachusetts,Lynn,Essex,  42.474642000000003, -70.970815999999999,PM2.5 - Local Conditions,Micrograms/cubic meter (LC),Daily Mean,24 HOUR,119
Massachusetts,Lynn,Essex,  42.474642000000003, -70.970815999999999,PM2.5 - Local Conditions,Micrograms/cubic meter (LC),Daily Mean,24 HOUR,119
Massachusetts,Newburyport,Essex,  42.814411999999997, -70.817783000000006,Nitrogen dioxide (NO2),Parts per billion,Observed values,1 HOUR,8027
Massachusetts,Newburyport,Essex,  42.814411999999997, -70.817783000000006,Ozone,Parts per million,Daily maximum of 8-hour running average,8-HR RUN AVG BEGIN HOUR,5259
Massachusetts,Haverhill,Essex,  42.770837000000000, -71.102289999999996,Ozone,Parts per million,Daily maximum of 8-hour running average,8-HR RUN AVG BEGIN HOUR,5191
Massachusetts,Haverhill,Essex,  42.770837000000000, -71.102289999999996,PM2.5 - Local Conditions,Micrograms/cubic meter (LC),Daily Mean,24 HOUR,117
Massachusetts,Haverhill,Essex,  42.770837000000000, -71.102289999999996,PM2.5 - Local Conditions,Micrograms/cubic meter (LC),Daily Mean,24 HOUR,117
Massachusetts,Lawrence,Essex,  42.698214999999998, -71.164412999999996,PM2.5 - Local Conditions,Micrograms/cubic meter (LC),Daily Mean,24 HOUR,122
Massachusetts,Lawrence,Essex,  42.698214999999998, -71.164412999999996,PM2.5 - Local Conditions,Micrograms/cubic meter (LC),Daily Mean,24 HOUR,122
Massachusetts,Chicopee,Hampden,  42.194380000000002, -72.555111999999994,Nitrogen dioxide (NO2),Parts per billion,Observed values,1 HOUR,8186
Massachusetts,Chicopee,Hampden,  42.194380000000002, -72.555111999999994,Ozone,Parts per million,Daily maximum of 8-hour running average,8-HR RUN AVG BEGIN HOUR,6170
Massachusetts,Chicopee,Hampden,  42.194380000000002, -72.555111999999994,PM2.5 - Local Conditions,Micrograms/cubic meter (LC),Daily Mean,24 HOUR,122
Massachusetts,Chicopee,Hampden,  42.194380000000002, -72.555111999999994,PM2.5 - Local Conditions,Micrograms/cubic meter (LC),Daily Mean,24 HOUR,122
Massachusetts,Chicopee,Hampden,  42.194380000000002, -72.555111999999994,PM2.5 - Local Conditions,Micrograms/cubic meter (LC),Daily Mean,24 HOUR,110
Massachusetts,Chicopee,Hampden,  42.194380000000002, -72.555111999999994,PM2.5 - Local Conditions,Micrograms/cubic meter (LC),Daily Mean,24 HOUR,110
Massachusetts,Springfield,Hampden,  42.108992000000001, -72.590802999999994,Nitrogen dioxide (NO2),Parts per billion,Observed values,1 HOUR,8158
Massachusetts,Springfield,Hampden,  42.108992000000001, -72.590802999999994,PM2.5 - Local Conditions,Micrograms/cubic meter (LC),Daily Mean,24 HOUR,122
Massachusetts,Springfield,Hampden,  42.108992000000001, -72.590802999999994,PM2.5 - Local Conditions,Micrograms/cubic meter (LC),Daily Mean,24 HOUR,122
Massachusetts,Springfield,Hampden,  42.105792000000001, -72.597132999999999,PM2.5 - Local Conditions,Micrograms/cubic meter (LC),Daily Mean,24 HOUR,118
Massachusetts,Springfield,Hampden,  42.105792000000001, -72.597132999999999,PM2.5 - Local Conditions,Micrograms/cubic meter (LC),Daily Mean,24 HOUR,118
Massachusetts,North Amherst,Hampshire,  42.400579000000000, -72.523109000000005,Ozone,Parts per million,Daily maximum of 8-hour running average,8-HR RUN AVG BEGIN HOUR,5272
Massachusetts,Ware (census name for Ware Center),Hampshire,  42.298493000000001, -72.334079000000003,Nitrogen dioxide (NO2),Parts per billion,Observed values,1 HOUR,8283
Massachusetts,Ware (census name for Ware Center),Hampshire,  42.298493000000001, -72.334079000000003,Ozone,Parts per million,Daily maximum of 8-hour running average,8-HR RUN AVG BEGIN HOUR,5965
Massachusetts,Chelmsford (Chelmsford Center),Middlesex,  42.626680000000000, -71.362067999999994,Ozone,Parts per million,Daily maximum of 8-hour running average,8-HR RUN AVG BEGIN HOUR,6122
Massachusetts,Milton,Norfolk,  42.211773999999998, -71.113969999999995,Nitrogen dioxide (NO2),Parts per billion,Observed values,1 HOUR,6461
Massachusetts,Milton,Norfolk,  42.211773999999998, -71.113969999999995,Ozone,Parts per million,Daily maximum of 8-hour running average,8-HR RUN AVG BEGIN HOUR,5142
Massachusetts,Brockton,Plymouth,  42.081935999999999, -71.014739000000006,PM2.5 - Local Conditions,Micrograms/cubic meter (LC),Daily Mean,24 HOUR,114
Massachusetts,Brockton,Plymouth,  42.081935999999999, -71.014739000000006,PM2.5 - Local Conditions,Micrograms/cubic meter (LC),Daily Mean,24 HOUR,114
Massachusetts,Brockton,Plymouth,  42.081935999999999, -71.014739000000006,PM2.5 - Local Conditions,Micrograms/cubic meter (LC),Daily Mean,24 HOUR,104
Massachusetts,Brockton,Plymouth,  42.081935999999999, -71.014739000000006,PM2.5 - Local Conditions,Micrograms/cubic meter (LC),Daily Mean,24 HOUR,104
Massachusetts,Brockton,Plymouth,  42.065106000000000, -71.012129000000002,PM2.5 - Local Conditions,Micrograms/cubic meter (LC),Daily Mean,24 HOUR,30
Massachusetts,Brockton,Plymouth,  42.065106000000000, -71.012129000000002,PM2.5 - Local Conditions,Micrograms/cubic meter (LC),Daily Mean,24 HOUR,30
Massachusetts,Boston,Suffolk,  42.348872999999998, -71.097162999999995,Nitrogen dioxide (NO2),Parts per billion,Observed values,1 HOUR,7944
Massachusetts,Boston,Suffolk,  42.348872999999998, -71.097162999999995,PM2.5 - Local Conditions,Micrograms/cubic meter (LC),Daily Mean,24 HOUR,117
Massachusetts,Boston,Suffolk,  42.348872999999998, -71.097162999999995,PM2.5 - Local Conditions,Micrograms/cubic meter (LC),Daily Mean,24 HOUR,117
Massachusetts,Boston,Suffolk,  42.372121999999997, -71.061740999999998,PM2.5 - Local Conditions,Micrograms/cubic meter (LC),Daily Mean,24 HOUR,114
Massachusetts,Boston,Suffolk,  42.372121999999997, -71.061740999999998,PM2.5 - Local Conditions,Micrograms/cubic meter (LC),Daily Mean,24 HOUR,114
Massachusetts,Boston,Suffolk,  42.340251000000002, -71.038349999999994,Nitrogen dioxide (NO2),Parts per billion,Observed values,1 HOUR,8106
Massachusetts,Boston,Suffolk,  42.317371999999999, -70.968359000000007,Nitrogen dioxide (NO2),Parts per billion,Observed values,1 HOUR,6466
Massachusetts,Boston,Suffolk,  42.317371999999999, -70.968359000000007,Ozone,Parts per million,Daily maximum of 8-hour running average,8-HR RUN AVG BEGIN HOUR,5387
Massachusetts,Boston,Suffolk,  42.329500000000003, -71.082599999999999,Nitrogen dioxide (NO2),Parts per billion,Observed values,1 HOUR,8034
Massachusetts,Boston,Suffolk,  42.329500000000003, -71.082599999999999,Ozone,Parts per million,Daily maximum of 8-hour running average,8-HR RUN AVG BEGIN HOUR,6105
Massachusetts,Boston,Suffolk,  42.329500000000003, -71.082599999999999,PM2.5 - Local Conditions,Micrograms/cubic meter (LC),Daily Mean,24 HOUR,118
Massachusetts,Boston,Suffolk,  42.329500000000003, -71.082599999999999,PM2.5 - Local Conditions,Micrograms/cubic meter (LC),Daily Mean,24 HOUR,118
Massachusetts,Boston,Suffolk,  42.363100000000003, -71.054299999999998,PM2.5 - Local Conditions,Micrograms/cubic meter (LC),Daily Mean,24 HOUR,347
Massachusetts,Boston,Suffolk,  42.363100000000003, -71.054299999999998,PM2.5 - Local Conditions,Micrograms/cubic meter (LC),Daily Mean,24 HOUR,347
Massachusetts,Boston,Suffolk,  42.363100000000003, -71.054299999999998,PM2.5 - Local Conditions,Micrograms/cubic meter (LC),Daily Mean,24 HOUR,325
Massachusetts,Boston,Suffolk,  42.363100000000003, -71.054299999999998,PM2.5 - Local Conditions,Micrograms/cubic meter (LC),Daily Mean,24 HOUR,325
Massachusetts,Boston,Suffolk,  42.325186000000002, -71.056061000000000,Nitrogen dioxide (NO2),Parts per billion,Observed values,1 HOUR,4549
Massachusetts,Boston,Suffolk,  42.325186000000002, -71.056061000000000,PM2.5 - Local Conditions,Micrograms/cubic meter (LC),Daily Mean,24 HOUR,31
Massachusetts,Boston,Suffolk,  42.325186000000002, -71.056061000000000,PM2.5 - Local Conditions,Micrograms/cubic meter (LC),Daily Mean,24 HOUR,31
Massachusetts,Worcester,Worcester,  42.274318999999998, -71.875511000000003,Ozone,Parts per million,Daily maximum of 8-hour running average,8-HR RUN AVG BEGIN HOUR,5164
Massachusetts,Worcester,Worcester,  42.260102000000003, -71.798374999999993,PM2.5 - Local Conditions,Micrograms/cubic meter (LC),Daily Mean,24 HOUR,110
Massachusetts,Worcester,Worcester,  42.260102000000003, -71.798374999999993,PM2.5 - Local Conditions,Micrograms/cubic meter (LC),Daily Mean,24 HOUR,110
Massachusetts,Worcester,Worcester,  42.263955000000003, -71.794321999999994,Nitrogen dioxide (NO2),Parts per billion,Observed values,1 HOUR,8243
Massachusetts,Worcester,Worcester,  42.263955000000003, -71.794321999999994,PM2.5 - Local Conditions,Micrograms/cubic meter (LC),Daily Mean,24 HOUR,121
Massachusetts,Worcester,Worcester,  42.263955000000003, -71.794321999999994,PM2.5 - Local Conditions,Micrograms/cubic meter (LC),Daily Mean,24 HOUR,121
Massachusetts,Uxbridge,Worcester,  42.099699000000001, -71.619399000000001,Ozone,Parts per million,Daily maximum of 8-hour running average,8-HR RUN AVG BEGIN HOUR,5305
Connecticut,Bridgeport,Fairfield,  41.170833000000002, -73.194721999999999,PM2.5 - Local Conditions,Micrograms/cubic meter (LC),Daily Mean,24 HOUR,120
Connecticut,Bridgeport,Fairfield,  41.170833000000002, -73.194721999999999,PM2.5 - Local Conditions,Micrograms/cubic meter (LC),Daily Mean,24 HOUR,120
Connecticut,Greenwich (Town of),Fairfield,  41.004657000000002, -73.585127999999997,Ozone,Parts per million,Daily maximum of 8-hour running average,8-HR RUN AVG BEGIN HOUR,3089
Connecticut,Danbury,Fairfield,  41.399166999999998, -73.443055999999999,Ozone,Parts per million,Daily maximum of 8-hour running average,8-HR RUN AVG BEGIN HOUR,2966
Connecticut,Danbury,Fairfield,  41.399166999999998, -73.443055999999999,PM2.5 - Local Conditions,Micrograms/cubic meter (LC),Daily Mean,24 HOUR,122
Connecticut,Danbury,Fairfield,  41.399166999999998, -73.443055999999999,PM2.5 - Local Conditions,Micrograms/cubic meter (LC),Daily Mean,24 HOUR,122
Connecticut,Stratford (Town of),Fairfield,  41.152500000000003, -73.103055999999995,Ozone,Parts per million,Daily maximum of 8-hour running average,8-HR RUN AVG BEGIN HOUR,3032
Connecticut,Westport,Fairfield,  41.118333000000000, -73.336667000000006,Nitrogen dioxide (NO2),Parts per billion,Observed values,1 HOUR,8533
Connecticut,Westport,Fairfield,  41.118333000000000, -73.336667000000006,Ozone,Parts per million,Daily maximum of 8-hour running average,8-HR RUN AVG BEGIN HOUR,3039
Connecticut,Westport,Fairfield,  41.118333000000000, -73.336667000000006,PM2.5 - Local Conditions,Micrograms/cubic meter (LC),Daily Mean,24 HOUR,122
Connecticut,Westport,Fairfield,  41.118333000000000, -73.336667000000006,PM2.5 - Local Conditions,Micrograms/cubic meter (LC),Daily Mean,24 HOUR,122
Connecticut,Hartford,Hartford,  41.771444000000002, -72.679923000000002,Nitrogen dioxide (NO2),Parts per billion,Observed values,1 HOUR,6383
Connecticut,East Hartford,Hartford,  41.784722000000002, -72.631666999999993,Nitrogen dioxide (NO2),Parts per billion,Observed values,1 HOUR,7069
Connecticut,East Hartford,Hartford,  41.784722000000002, -72.631666999999993,Ozone,Parts per million,Daily maximum of 8-hour running average,8-HR RUN AVG BEGIN HOUR,2926
Connecticut,East Hartford,Hartford,  41.784722000000002, -72.631666999999993,PM2.5 - Local Conditions,Micrograms/cubic meter (LC),Daily Mean,24 HOUR,361
Connecticut,East Hartford,Hartford,  41.784722000000002, -72.631666999999993,PM2.5 - Local Conditions,Micrograms/cubic meter (LC),Daily Mean,24 HOUR,361
Connecticut,East Hartford,Hartford,  41.742500000000000, -72.634444000000002,PM2.5 - Local Conditions,Micrograms/cubic meter (LC),Daily Mean,24 HOUR,121
Connecticut,East Hartford,Hartford,  41.742500000000000, -72.634444000000002,PM2.5 - Local Conditions,Micrograms/cubic meter (LC),Daily Mean,24 HOUR,121
Connecticut,Cornwall,Litchfield,  41.821342000000001, -73.297257000000002,Nitrogen dioxide (NO2),Parts per billion,Observed values,1 HOUR,8477
Connecticut,Cornwall,Litchfield,  41.821342000000001, -73.297257000000002,Ozone,Parts per million,Daily maximum of 8-hour running average,8-HR RUN AVG BEGIN HOUR,6039
Connecticut,Cornwall,Litchfield,  41.821342000000001, -73.297257000000002,PM2.5 - Local Conditions,Micrograms/cubic meter (LC),Daily Mean,24 HOUR,118
Connecticut,Cornwall,Litchfield,  41.821342000000001, -73.297257000000002,PM2.5 - Local Conditions,Micrograms/cubic meter (LC),Daily Mean,24 HOUR,118
Connecticut,Middletown,Middlesex,  41.552196000000002, -72.630015000000000,Ozone,Parts per million,Daily maximum of 8-hour running average,8-HR RUN AVG BEGIN HOUR,3043
Connecticut,New Haven,New Haven,  41.301400000000001, -72.902871000000005,Nitrogen dioxide (NO2),Parts per billion,Observed values,1 HOUR,8626
Connecticut,New Haven,New Haven,  41.301400000000001, -72.902871000000005,Ozone,Parts per million,Daily maximum of 8-hour running average,8-HR RUN AVG BEGIN HOUR,6095
Connecticut,New Haven,New Haven,  41.301400000000001, -72.902871000000005,PM2.5 - Local Conditions,Micrograms/cubic meter (LC),Daily Mean,24 HOUR,350
Connecticut,New Haven,New Haven,  41.301400000000001, -72.902871000000005,PM2.5 - Local Conditions,Micrograms/cubic meter (LC),Daily Mean,24 HOUR,350
Connecticut,New Haven,New Haven,  41.301400000000001, -72.902871000000005,PM2.5 - Local Conditions,Micrograms/cubic meter (LC),Daily Mean,24 HOUR,52
Connecticut,New Haven,New Haven,  41.301400000000001, -72.902871000000005,PM2.5 - Local Conditions,Micrograms/cubic meter (LC),Daily Mean,24 HOUR,52
Connecticut,New Haven,New Haven,  41.310833000000002, -72.916944000000001,PM2.5 - Local Conditions,Micrograms/cubic meter (LC),Daily Mean,24 HOUR,121
Connecticut,New Haven,New Haven,  41.310833000000002, -72.916944000000001,PM2.5 - Local Conditions,Micrograms/cubic meter (LC),Daily Mean,24 HOUR,121
Connecticut,Waterbury,New Haven,  41.550556000000000, -73.043610999999999,PM2.5 - Local Conditions,Micrograms/cubic meter (LC),Daily Mean,24 HOUR,120
Connecticut,Waterbury,New Haven,  41.550556000000000, -73.043610999999999,PM2.5 - Local Conditions,Micrograms/cubic meter (LC),Daily Mean,24 HOUR,120
Connecticut,Waterbury,New Haven,  41.550556000000000, -73.043610999999999,PM2.5 - Local Conditions,Micrograms/cubic meter (LC),Daily Mean,24 HOUR,61
Connecticut,Waterbury,New Haven,  41.550556000000000, -73.043610999999999,PM2.5 - Local Conditions,Micrograms/cubic meter (LC),Daily Mean,24 HOUR,61
Connecticut,Madison (Town of),New Haven,  41.256788000000000, -72.553269999999998,Ozone,Parts per million,Daily maximum of 8-hour running average,8-HR RUN AVG BEGIN HOUR,3052
Connecticut,Groton,New London,  41.353619999999999, -72.078819999999993,Ozone,Parts per million,Daily maximum of 8-hour running average,8-HR RUN AVG BEGIN HOUR,2981
Connecticut,Norwich,New London,  41.524166999999998, -72.076667000000000,PM2.5 - Local Conditions,Micrograms/cubic meter (LC),Daily Mean,24 HOUR,120
Connecticut,Norwich,New London,  41.524166999999998, -72.076667000000000,PM2.5 - Local Conditions,Micrograms/cubic meter (LC),Daily Mean,24 HOUR,120
Connecticut,Stafford (Stafford Hollow),Tolland,  41.976388999999998, -72.388056000000006,Ozone,Parts per million,Daily maximum of 8-hour running average,8-HR RUN AVG BEGIN HOUR,2925
Connecticut, ,Windham,  41.840460000000000, -72.010368000000000,Ozone,Parts per million,Daily maximum of 8-hour running average,8-HR RUN AVG BEGIN HOUR,6135
New York,Albany,Albany,  42.642249999999997, -73.754639999999995,PM2.5 - Local Conditions,Micrograms/cubic meter (LC),Daily Mean,24 HOUR,112
New York,Albany,Albany,  42.642249999999997, -73.754639999999995,PM2.5 - Local Conditions,Micrograms/cubic meter (LC),Daily Mean,24 HOUR,112
New York,Albany,Albany,  42.642249999999997, -73.754639999999995,PM2.5 - Local Conditions,Micrograms/cubic meter (LC),Daily Mean,24 HOUR,112
New York,Albany,Albany,  42.642249999999997, -73.754639999999995,PM2.5 - Local Conditions,Micrograms/cubic meter (LC),Daily Mean,24 HOUR,112
New York,Albany,Albany,  42.680750000000003, -73.757329999999996,Ozone,Parts per million,Daily maximum of 8-hour running average,8-HR RUN AVG BEGIN HOUR,6146
New York,Albany,Albany,  42.680750000000003, -73.757329999999996,PM2.5 - Local Conditions,Micrograms/cubic meter (LC),Daily Mean,24 HOUR,103
New York,Albany,Albany,  42.680750000000003, -73.757329999999996,PM2.5 - Local Conditions,Micrograms/cubic meter (LC),Daily Mean,24 HOUR,103
New York,New York,Bronx,  40.816000000000003, -73.902000000000001,Nitrogen dioxide (NO2),Parts per billion,Observed values,1 HOUR,8434
New York,New York,Bronx,  40.816000000000003, -73.902000000000001,Ozone,Parts per million,Daily maximum of 8-hour running average,8-HR RUN AVG BEGIN HOUR,5928
New York,New York,Bronx,  40.816000000000003, -73.902000000000001,PM2.5 - Local Conditions,Micrograms/cubic meter (LC),Daily Mean,24 HOUR,122
New York,New York,Bronx,  40.816000000000003, -73.902000000000001,PM2.5 - Local Conditions,Micrograms/cubic meter (LC),Daily Mean,24 HOUR,122
New York,New York,Bronx,  40.867899999999999, -73.878090000000000,Nitrogen dioxide (NO2),Parts per billion,Observed values,1 HOUR,8633
New York,New York,Bronx,  40.867899999999999, -73.878090000000000,Ozone,Parts per million,Daily maximum of 8-hour running average,8-HR RUN AVG BEGIN HOUR,6181
New York,New York,Bronx,  40.867899999999999, -73.878090000000000,PM2.5 - Local Conditions,Micrograms/cubic meter (LC),Daily Mean,24 HOUR,120
New York,New York,Bronx,  40.867899999999999, -73.878090000000000,PM2.5 - Local Conditions,Micrograms/cubic meter (LC),Daily Mean,24 HOUR,120
New York,Dunkirk,Chautauqua,  42.499630000000003, -79.318809999999999,Ozone,Parts per million,Daily maximum of 8-hour running average,8-HR RUN AVG BEGIN HOUR,5820
New York,Dunkirk,Chautauqua,  42.499630000000003, -79.318809999999999,PM2.5 - Local Conditions,Micrograms/cubic meter (LC),Daily Mean,24 HOUR,77
New York,Dunkirk,Chautauqua,  42.499630000000003, -79.318809999999999,PM2.5 - Local Conditions,Micrograms/cubic meter (LC),Daily Mean,24 HOUR,77
New York,Westfield,Chautauqua,  42.290709999999997, -79.589609999999993,PM2.5 - Local Conditions,Micrograms/cubic meter (LC),Daily Mean,24 HOUR,16
New York,Westfield,Chautauqua,  42.290709999999997, -79.589609999999993,PM2.5 - Local Conditions,Micrograms/cubic meter (LC),Daily Mean,24 HOUR,16
New York,Millbrook,Dutchess,  41.785550000000001, -73.741360000000000,Ozone,Parts per million,Daily maximum of 8-hour running average,8-HR RUN AVG BEGIN HOUR,6045
New York,Amherst,Erie,  42.993279999999999, -78.771529999999998,Ozone,Parts per million,Daily maximum of 8-hour running average,8-HR RUN AVG BEGIN HOUR,5904
New York,Amherst,Erie,  42.993279999999999, -78.771529999999998,PM2.5 - Local Conditions,Micrograms/cubic meter (LC),Daily Mean,24 HOUR,68
New York,Amherst,Erie,  42.993279999999999, -78.771529999999998,PM2.5 - Local Conditions,Micrograms/cubic meter (LC),Daily Mean,24 HOUR,68
New York,Buffalo,Erie,  42.876907000000003, -78.809526000000005,Nitrogen dioxide (NO2),Parts per billion,Observed values,1 HOUR,6389
New York,Buffalo,Erie,  42.876907000000003, -78.809526000000005,PM2.5 - Local Conditions,Micrograms/cubic meter (LC),Daily Mean,24 HOUR,116
New York,Buffalo,Erie,  42.876907000000003, -78.809526000000005,PM2.5 - Local Conditions,Micrograms/cubic meter (LC),Daily Mean,24 HOUR,116
New York, ,Essex,  44.366079999999997, -73.903120000000001,Ozone,Parts per million,Daily maximum of 8-hour running average,8-HR RUN AVG BEGIN HOUR,5987
New York, ,Essex,  44.393079999999998, -73.858900000000006,Ozone,Parts per million,Daily maximum of 8-hour running average,8-HR RUN AVG BEGIN HOUR,5989
New York, ,Essex,  44.393079999999998, -73.858900000000006,PM2.5 - Local Conditions,Micrograms/cubic meter (LC),Daily Mean,24 HOUR,59
New York, ,Essex,  44.393079999999998, -73.858900000000006,PM2.5 - Local Conditions,Micrograms/cubic meter (LC),Daily Mean,24 HOUR,59
New York, ,Essex,  43.973100000000002, -74.223200000000006,Ozone,Parts per million,Daily maximum of 8-hour running average,8-HR RUN AVG BEGIN HOUR,4090
New York, ,Franklin,  44.980576999999997, -74.695004999999995,Nitrogen dioxide (NO2),Parts per billion,Observed values,1 HOUR,6952
New York, ,Franklin,  44.980576999999997, -74.695004999999995,Ozone,Parts per million,Daily maximum of 8-hour running average,8-HR RUN AVG BEGIN HOUR,2779
New York, ,Franklin,  44.980576999999997, -74.695004999999995,Ozone,Parts per million,Daily maximum of 8-hour running average,8-HR RUN AVG BEGIN HOUR,3421
New York, ,Hamilton,  43.449570000000001, -74.516249999999999,Ozone,Parts per million,Daily maximum of 8-hour running average,8-HR RUN AVG BEGIN HOUR,6083
New York, ,Herkimer,  43.685780000000001, -74.985380000000006,Ozone,Parts per million,Daily maximum of 8-hour running average,8-HR RUN AVG BEGIN HOUR,6117
New York, ,Jefferson,  44.087470000000003, -75.973159999999993,Ozone,Parts per million,Daily maximum of 8-hour running average,8-HR RUN AVG BEGIN HOUR,6145
New York,New York,Kings,  40.719610000000003, -73.947710000000001,PM2.5 - Local Conditions,Micrograms/cubic meter (LC),Daily Mean,24 HOUR,114
New York,New York,Kings,  40.719610000000003, -73.947710000000001,PM2.5 - Local Conditions,Micrograms/cubic meter (LC),Daily Mean,24 HOUR,114
New York,Rochester,Monroe,  43.146180000000001, -77.548169999999999,Ozone,Parts per million,Daily maximum of 8-hour running average,8-HR RUN AVG BEGIN HOUR,6084
New York,Rochester,Monroe,  43.146180000000001, -77.548169999999999,PM2.5 - Local Conditions,Micrograms/cubic meter (LC),Daily Mean,24 HOUR,117
New York,Rochester,Monroe,  43.146180000000001, -77.548169999999999,PM2.5 - Local Conditions,Micrograms/cubic meter (LC),Daily Mean,24 HOUR,117
New York,New York,New York,  40.799700000000001, -73.934320000000000,PM2.5 - Local Conditions,Micrograms/cubic meter (LC),Daily Mean,24 HOUR,113
New York,New York,New York,  40.799700000000001, -73.934320000000000,PM2.5 - Local Conditions,Micrograms/cubic meter (LC),Daily Mean,24 HOUR,113
New York,New York,New York,  40.799700000000001, -73.934320000000000,PM2.5 - Local Conditions,Micrograms/cubic meter (LC),Daily Mean,24 HOUR,116
New York,New York,New York,  40.799700000000001, -73.934320000000000,PM2.5 - Local Conditions,Micrograms/cubic meter (LC),Daily Mean,24 HOUR,116
New York,New York,New York,  40.729999999999997, -73.983999999999995,PM2.5 - Local Conditions,Micrograms/cubic meter (LC),Daily Mean,24 HOUR,113
New York,New York,New York,  40.729999999999997, -73.983999999999995,PM2.5 - Local Conditions,Micrograms/cubic meter (LC),Daily Mean,24 HOUR,113
New York,New York,New York,  40.714359999999999, -73.995180000000005,PM2.5 - Local Conditions,Micrograms/cubic meter (LC),Daily Mean,24 HOUR,104
New York,New York,New York,  40.714359999999999, -73.995180000000005,PM2.5 - Local Conditions,Micrograms/cubic meter (LC),Daily Mean,24 HOUR,104
New York,New York,New York,  40.819760000000002, -73.948250000000002,Ozone,Parts per million,Daily maximum of 8-hour running average,8-HR RUN AVG BEGIN HOUR,6075
New York,Middleport,Niagara,  43.223860000000002, -78.478880000000004,Ozone,Parts per million,Daily maximum of 8-hour running average,8-HR RUN AVG BEGIN HOUR,3882
New York,Niagara Falls,Niagara,  43.082180000000001, -79.001059999999995,PM2.5 - Local Conditions,Micrograms/cubic meter (LC),Daily Mean,24 HOUR,23
New York,Niagara Falls,Niagara,  43.082180000000001, -79.001059999999995,PM2.5 - Local Conditions,Micrograms/cubic meter (LC),Daily Mean,24 HOUR,23
New York,East Syracuse,Onondaga,  43.052349999999997, -76.059209999999993,Ozone,Parts per million,Daily maximum of 8-hour running average,8-HR RUN AVG BEGIN HOUR,5845
New York,East Syracuse,Onondaga,  43.052349999999997, -76.059209999999993,PM2.5 - Local Conditions,Micrograms/cubic meter (LC),Daily Mean,24 HOUR,114
New York,East Syracuse,Onondaga,  43.052349999999997, -76.059209999999993,PM2.5 - Local Conditions,Micrograms/cubic meter (LC),Daily Mean,24 HOUR,114
New York,Newburgh,Orange,  41.499160000000003, -74.008849999999995,PM2.5 - Local Conditions,Micrograms/cubic meter (LC),Daily Mean,24 HOUR,113
New York,Newburgh,Orange,  41.499160000000003, -74.008849999999995,PM2.5 - Local Conditions,Micrograms/cubic meter (LC),Daily Mean,24 HOUR,113
New York,Montgomery,Orange,  41.523750000000000, -74.215339999999998,Ozone,Parts per million,Daily maximum of 8-hour running average,8-HR RUN AVG BEGIN HOUR,5839
New York,Fulton,Oswego,  43.284280000000003, -76.463239999999999,Ozone,Parts per million,Daily maximum of 8-hour running average,8-HR RUN AVG BEGIN HOUR,6138
New York, ,Putnam,  41.455889999999997, -73.709770000000006,Ozone,Parts per million,Daily maximum of 8-hour running average,8-HR RUN AVG BEGIN HOUR,6026
New York,New York,Queens,  40.736139999999999, -73.821529999999996,Nitrogen dioxide (NO2),Parts per billion,Observed values,1 HOUR,8429
New York,New York,Queens,  40.736139999999999, -73.821529999999996,Ozone,Parts per million,Daily maximum of 8-hour running average,8-HR RUN AVG BEGIN HOUR,5944
New York,New York,Queens,  40.736139999999999, -73.821529999999996,PM2.5 - Local Conditions,Micrograms/cubic meter (LC),Daily Mean,24 HOUR,333
New York,New York,Queens,  40.736139999999999, -73.821529999999996,PM2.5 - Local Conditions,Micrograms/cubic meter (LC),Daily Mean,24 HOUR,333
New York,New York,Richmond,  40.633069999999996, -74.137190000000004,PM2.5 - Local Conditions,Micrograms/cubic meter (LC),Daily Mean,24 HOUR,104
New York,New York,Richmond,  40.633069999999996, -74.137190000000004,PM2.5 - Local Conditions,Micrograms/cubic meter (LC),Daily Mean,24 HOUR,104
New York,New York,Richmond,  40.596640000000001, -74.125249999999994,Ozone,Parts per million,Daily maximum of 8-hour running average,8-HR RUN AVG BEGIN HOUR,5307
New York, ,Rockland,  41.182079999999999, -74.028189999999995,Ozone,Parts per million,Daily maximum of 8-hour running average,8-HR RUN AVG BEGIN HOUR,6154
New York, ,Saratoga,  43.012090000000001, -73.648899999999998,Ozone,Parts per million,Daily maximum of 8-hour running average,8-HR RUN AVG BEGIN HOUR,6133
New York, ,Steuben,  42.091419999999999, -77.209779999999995,Ozone,Parts per million,Daily maximum of 8-hour running average,8-HR RUN AVG BEGIN HOUR,5477
New York, ,Steuben,  42.091419999999999, -77.209779999999995,PM2.5 - Local Conditions,Micrograms/cubic meter (LC),Daily Mean,24 HOUR,105
New York, ,Steuben,  42.091419999999999, -77.209779999999995,PM2.5 - Local Conditions,Micrograms/cubic meter (LC),Daily Mean,24 HOUR,105
New York,East Farmingdale,Suffolk,  40.745289999999997, -73.419190000000000,Ozone,Parts per million,Daily maximum of 8-hour running average,8-HR RUN AVG BEGIN HOUR,6104
New York,East Farmingdale,Suffolk,  40.745289999999997, -73.419190000000000,PM2.5 - Local Conditions,Micrograms/cubic meter (LC),Daily Mean,24 HOUR,117
New York,East Farmingdale,Suffolk,  40.745289999999997, -73.419190000000000,PM2.5 - Local Conditions,Micrograms/cubic meter (LC),Daily Mean,24 HOUR,117
New York,Riverhead,Suffolk,  40.960780000000000, -72.712379999999996,Ozone,Parts per million,Daily maximum of 8-hour running average,8-HR RUN AVG BEGIN HOUR,4066
New York,Holtsville,Suffolk,  40.827990000000000, -73.057540000000003,Ozone,Parts per million,Daily maximum of 8-hour running average,8-HR RUN AVG BEGIN HOUR,5895
New York, ,Tompkins,  42.400599999999997, -76.653800000000004,Ozone,Parts per million,Daily maximum of 8-hour running average,8-HR RUN AVG BEGIN HOUR,6014
New York, ,Wayne,  43.230860000000000, -77.171360000000007,Ozone,Parts per million,Daily maximum of 8-hour running average,8-HR RUN AVG BEGIN HOUR,5161
New York,White Plains,Westchester,  41.051920000000003, -73.763660000000002,Ozone,Parts per million,Daily maximum of 8-hour running average,8-HR RUN AVG BEGIN HOUR,6157
Pennsylvania, ,Adams,  39.920020000000001, -77.309680000000000,Nitrogen dioxide (NO2),Parts per billion,Observed values,1 HOUR,8204
Pennsylvania, ,Adams,  39.920020000000001, -77.309680000000000,PM2.5 - Local Conditions,Micrograms/cubic meter (LC),Daily Mean,24-HR BLK AVG,339
Pennsylvania, ,Adams,  39.920020000000001, -77.309680000000000,PM2.5 - Local Conditions,Micrograms/cubic meter (LC),Daily Mean,24-HR BLK AVG,339
Pennsylvania, ,Adams,  39.923099999999998, -77.307800000000000,Ozone,Parts per million,Daily maximum of 8-hour running average,8-HR RUN AVG BEGIN HOUR,5993
Pennsylvania,Avalon,Allegheny,  40.499766999999999, -80.071337000000000,PM2.5 - Local Conditions,Micrograms/cubic meter (LC),Daily Mean,24 HOUR,112
Pennsylvania,Avalon,Allegheny,  40.499766999999999, -80.071337000000000,PM2.5 - Local Conditions,Micrograms/cubic meter (LC),Daily Mean,24 HOUR,112
Pennsylvania,Pittsburgh,Allegheny,  40.465420000000002, -79.960757000000001,Nitrogen dioxide (NO2),Parts per billion,Observed values,1 HOUR,8691
Pennsylvania,Pittsburgh,Allegheny,  40.465420000000002, -79.960757000000001,Ozone,Parts per million,Daily maximum of 8-hour running average,8-HR RUN AVG BEGIN HOUR,6163
Pennsylvania,Pittsburgh,Allegheny,  40.465420000000002, -79.960757000000001,PM2.5 - Local Conditions,Micrograms/cubic meter (LC),Daily Mean,24 HOUR,360
Pennsylvania,Pittsburgh,Allegheny,  40.465420000000002, -79.960757000000001,PM2.5 - Local Conditions,Micrograms/cubic meter (LC),Daily Mean,24 HOUR,360
Pennsylvania,Pittsburgh,Allegheny,  40.465420000000002, -79.960757000000001,PM2.5 - Local Conditions,Micrograms/cubic meter (LC),Daily Mean,24 HOUR,58
Pennsylvania,Pittsburgh,Allegheny,  40.465420000000002, -79.960757000000001,PM2.5 - Local Conditions,Micrograms/cubic meter (LC),Daily Mean,24 HOUR,58
Pennsylvania,Pittsburgh,Allegheny,  40.445577000000000, -80.016154999999998,Nitrogen dioxide (NO2),Parts per billion,Observed values,1 HOUR,8503
Pennsylvania,Pittsburgh,Allegheny,  40.445577000000000, -80.016154999999998,Ozone,Parts per million,Daily maximum of 8-hour running average,8-HR RUN AVG BEGIN HOUR,5805
Pennsylvania,Liberty,Allegheny,  40.323768000000001, -79.868061999999995,PM2.5 - Local Conditions,Micrograms/cubic meter (LC),Daily Mean,24 HOUR,357
Pennsylvania,Liberty,Allegheny,  40.323768000000001, -79.868061999999995,PM2.5 - Local Conditions,Micrograms/cubic meter (LC),Daily Mean,24 HOUR,357
Pennsylvania,Liberty,Allegheny,  40.323768000000001, -79.868061999999995,PM2.5 - Local Conditions,Micrograms/cubic meter (LC),Daily Mean,24 HOUR,59
Pennsylvania,Liberty,Allegheny,  40.323768000000001, -79.868061999999995,PM2.5 - Local Conditions,Micrograms/cubic meter (LC),Daily Mean,24 HOUR,59
Pennsylvania,McDonald,Allegheny,  40.375644000000001, -80.169943000000004,Ozone,Parts per million,Daily maximum of 8-hour running average,8-HR RUN AVG BEGIN HOUR,5126
Pennsylvania,McDonald,Allegheny,  40.375644000000001, -80.169943000000004,PM2.5 - Local Conditions,Micrograms/cubic meter (LC),Daily Mean,24 HOUR,112
Pennsylvania,McDonald,Allegheny,  40.375644000000001, -80.169943000000004,PM2.5 - Local Conditions,Micrograms/cubic meter (LC),Daily Mean,24 HOUR,112
Pennsylvania,McCandless Township,Allegheny,  40.606623999999996, -80.021669000000003,PM2.5 - Local Conditions,Micrograms/cubic meter (LC),Daily Mean,24 HOUR,57
Pennsylvania,McCandless Township,Allegheny,  40.606623999999996, -80.021669000000003,PM2.5 - Local Conditions,Micrograms/cubic meter (LC),Daily Mean,24 HOUR,57
Pennsylvania,Harrison Township,Allegheny,  40.613948999999998, -79.729410000000001,Nitrogen dioxide (NO2),Parts per billion,Observed values,1 HOUR,8707
Pennsylvania,Harrison Township,Allegheny,  40.613948999999998, -79.729410000000001,Ozone,Parts per million,Daily maximum of 8-hour running average,8-HR RUN AVG BEGIN HOUR,6071
Pennsylvania,Harrison Township,Allegheny,  40.617488000000002, -79.727664000000004,PM2.5 - Local Conditions,Micrograms/cubic meter (LC),Daily Mean,24 HOUR,117
Pennsylvania,Harrison Township,Allegheny,  40.617488000000002, -79.727664000000004,PM2.5 - Local Conditions,Micrograms/cubic meter (LC),Daily Mean,24 HOUR,117
Pennsylvania,North Braddock,Allegheny,  40.402327999999997, -79.860973000000001,PM2.5 - Local Conditions,Micrograms/cubic meter (LC),Daily Mean,24 HOUR,111
Pennsylvania,North Braddock,Allegheny,  40.402327999999997, -79.860973000000001,PM2.5 - Local Conditions,Micrograms/cubic meter (LC),Daily Mean,24 HOUR,111
Pennsylvania,Clairton,Allegheny,  40.294341000000003, -79.885330999999994,PM2.5 - Local Conditions,Micrograms/cubic meter (LC),Daily Mean,24 HOUR,58
Pennsylvania,Clairton,Allegheny,  40.294341000000003, -79.885330999999994,PM2.5 - Local Conditions,Micrograms/cubic meter (LC),Daily Mean,24 HOUR,58
Pennsylvania,Kittanning,Armstrong,  40.814183000000000, -79.564750000000004,Ozone,Parts per million,Daily maximum of 8-hour running average,8-HR RUN AVG BEGIN HOUR,6044
Pennsylvania,Kittanning,Armstrong,  40.814183000000000, -79.564750000000004,PM2.5 - Local Conditions,Micrograms/cubic meter (LC),Daily Mean,24-HR BLK AVG,342
Pennsylvania,Kittanning,Armstrong,  40.814183000000000, -79.564750000000004,PM2.5 - Local Conditions,Micrograms/cubic meter (LC),Daily Mean,24-HR BLK AVG,342
Pennsylvania, ,Beaver,  40.562519999999999, -80.503947999999994,Ozone,Parts per million,Daily maximum of 8-hour running average,8-HR RUN AVG BEGIN HOUR,5739
Pennsylvania, ,Beaver,  40.684722000000001, -80.359722000000005,Ozone,Parts per million,Daily maximum of 8-hour running average,8-HR RUN AVG BEGIN HOUR,6030
Pennsylvania,Beaver Falls,Beaver,  40.747796000000001, -80.316441999999995,Nitrogen dioxide (NO2),Parts per billion,Observed values,1 HOUR,8273
Pennsylvania,Beaver Falls,Beaver,  40.747796000000001, -80.316441999999995,Ozone,Parts per million,Daily maximum of 8-hour running average,8-HR RUN AVG BEGIN HOUR,5701
Pennsylvania,Beaver Falls,Beaver,  40.747796000000001, -80.316441999999995,PM2.5 - Local Conditions,Micrograms/cubic meter (LC),Daily Mean,24 HOUR,358
Pennsylvania,Beaver Falls,Beaver,  40.747796000000001, -80.316441999999995,PM2.5 - Local Conditions,Micrograms/cubic meter (LC),Daily Mean,24 HOUR,358
Pennsylvania,Beaver Falls,Beaver,  40.747796000000001, -80.316441999999995,PM2.5 - Local Conditions,Micrograms/cubic meter (LC),Daily Mean,24-HR BLK AVG,337
Pennsylvania,Beaver Falls,Beaver,  40.747796000000001, -80.316441999999995,PM2.5 - Local Conditions,Micrograms/cubic meter (LC),Daily Mean,24-HR BLK AVG,337
Pennsylvania, ,Berks,  40.514080000000000, -75.789721000000000,Ozone,Parts per million,Daily maximum of 8-hour running average,8-HR RUN AVG BEGIN HOUR,6191
Pennsylvania, ,Berks,  40.383350000000000, -75.968599999999995,Nitrogen dioxide (NO2),Parts per billion,Observed values,1 HOUR,8482
Pennsylvania, ,Berks,  40.383350000000000, -75.968599999999995,Ozone,Parts per million,Daily maximum of 8-hour running average,8-HR RUN AVG BEGIN HOUR,6167
Pennsylvania, ,Berks,  40.383350000000000, -75.968599999999995,PM2.5 - Local Conditions,Micrograms/cubic meter (LC),Daily Mean,24 HOUR,310
Pennsylvania, ,Berks,  40.383350000000000, -75.968599999999995,PM2.5 - Local Conditions,Micrograms/cubic meter (LC),Daily Mean,24 HOUR,310
Pennsylvania, ,Berks,  40.383350000000000, -75.968599999999995,PM2.5 - Local Conditions,Micrograms/cubic meter (LC),Daily Mean,24-HR BLK AVG,360
Pennsylvania, ,Berks,  40.383350000000000, -75.968599999999995,PM2.5 - Local Conditions,Micrograms/cubic meter (LC),Daily Mean,24-HR BLK AVG,360
Pennsylvania,Altoona,Blair,  40.535277999999998, -78.370833000000005,Ozone,Parts per million,Daily maximum of 8-hour running average,8-HR RUN AVG BEGIN HOUR,6198
Pennsylvania,Altoona,Blair,  40.535277999999998, -78.370833000000005,PM2.5 - Local Conditions,Micrograms/cubic meter (LC),Daily Mean,24-HR BLK AVG,346
Pennsylvania,Altoona,Blair,  40.535277999999998, -78.370833000000005,PM2.5 - Local Conditions,Micrograms/cubic meter (LC),Daily Mean,24-HR BLK AVG,346
Pennsylvania, ,Bradford,  41.705226000000003, -76.512726000000001,Nitrogen dioxide (NO2),Parts per billion,Observed values,1 HOUR,6736
Pennsylvania, ,Bradford,  41.705226000000003, -76.512726000000001,Ozone,Parts per million,Daily maximum of 8-hour running average,8-HR RUN AVG BEGIN HOUR,5190
Pennsylvania,Bristol,Bucks,  40.107222000000000, -74.882221999999999,Nitrogen dioxide (NO2),Parts per billion,Observed values,1 HOUR,8170
Pennsylvania,Bristol,Bucks,  40.107222000000000, -74.882221999999999,Ozone,Parts per million,Daily maximum of 8-hour running average,8-HR RUN AVG BEGIN HOUR,6061
Pennsylvania,Bristol,Bucks,  40.107222000000000, -74.882221999999999,PM2.5 - Local Conditions,Micrograms/cubic meter (LC),Daily Mean,24 HOUR,320
Pennsylvania,Bristol,Bucks,  40.107222000000000, -74.882221999999999,PM2.5 - Local Conditions,Micrograms/cubic meter (LC),Daily Mean,24 HOUR,320
Pennsylvania,Bristol,Bucks,  40.107222000000000, -74.882221999999999,PM2.5 - Local Conditions,Micrograms/cubic meter (LC),Daily Mean,24-HR BLK AVG,330
Pennsylvania,Bristol,Bucks,  40.107222000000000, -74.882221999999999,PM2.5 - Local Conditions,Micrograms/cubic meter (LC),Daily Mean,24-HR BLK AVG,330
Pennsylvania,Johnstown,Cambria,  40.309722000000001, -78.915000000000006,Nitrogen dioxide (NO2),Parts per billion,Observed values,1 HOUR,8292
Pennsylvania,Johnstown,Cambria,  40.309722000000001, -78.915000000000006,Ozone,Parts per million,Daily maximum of 8-hour running average,8-HR RUN AVG BEGIN HOUR,6176
Pennsylvania,Johnstown,Cambria,  40.309722000000001, -78.915000000000006,PM2.5 - Local Conditions,Micrograms/cubic meter (LC),Daily Mean,24-HR BLK AVG,345
Pennsylvania,Johnstown,Cambria,  40.309722000000001, -78.915000000000006,PM2.5 - Local Conditions,Micrograms/cubic meter (LC),Daily Mean,24-HR BLK AVG,345
Pennsylvania,State College,Centre,  40.811388999999998, -77.877027999999996,Nitrogen dioxide (NO2),Parts per billion,Observed values,1 HOUR,8210
Pennsylvania,State College,Centre,  40.811388999999998, -77.877027999999996,Ozone,Parts per million,Daily maximum of 8-hour running average,8-HR RUN AVG BEGIN HOUR,6179
Pennsylvania,State College,Centre,  40.811388999999998, -77.877027999999996,PM2.5 - Local Conditions,Micrograms/cubic meter (LC),Daily Mean,24 HOUR,286
Pennsylvania,State College,Centre,  40.811388999999998, -77.877027999999996,PM2.5 - Local Conditions,Micrograms/cubic meter (LC),Daily Mean,24 HOUR,286
Pennsylvania,State College,Centre,  40.811388999999998, -77.877027999999996,PM2.5 - Local Conditions,Micrograms/cubic meter (LC),Daily Mean,24-HR BLK AVG,344
Pennsylvania,State College,Centre,  40.811388999999998, -77.877027999999996,PM2.5 - Local Conditions,Micrograms/cubic meter (LC),Daily Mean,24-HR BLK AVG,344
Pennsylvania, ,Centre,  40.720799999999997, -77.931899999999999,Ozone,Parts per million,Daily maximum of 8-hour running average,8-HR RUN AVG BEGIN HOUR,6136
Pennsylvania, ,Chester,  39.834460999999997, -75.768242000000001,Ozone,Parts per million,Daily maximum of 8-hour running average,8-HR RUN AVG BEGIN HOUR,6118
Pennsylvania, ,Chester,  39.834460999999997, -75.768242000000001,PM2.5 - Local Conditions,Micrograms/cubic meter (LC),Daily Mean,24 HOUR,327
Pennsylvania, ,Chester,  39.834460999999997, -75.768242000000001,PM2.5 - Local Conditions,Micrograms/cubic meter (LC),Daily Mean,24 HOUR,327
Pennsylvania, ,Chester,  39.834460999999997, -75.768242000000001,PM2.5 - Local Conditions,Micrograms/cubic meter (LC),Daily Mean,24-HR BLK AVG,297
Pennsylvania, ,Chester,  39.834460999999997, -75.768242000000001,PM2.5 - Local Conditions,Micrograms/cubic meter (LC),Daily Mean,24-HR BLK AVG,297
Pennsylvania, ,Clearfield,  41.117500000000000, -78.526194000000004,Ozone,Parts per million,Daily maximum of 8-hour running average,8-HR RUN AVG BEGIN HOUR,5878
Pennsylvania,Carlisle,Cumberland,  40.246527999999998, -77.186750000000004,PM2.5 - Local Conditions,Micrograms/cubic meter (LC),Daily Mean,24 HOUR,306
Pennsylvania,Carlisle,Cumberland,  40.246527999999998, -77.186750000000004,PM2.5 - Local Conditions,Micrograms/cubic meter (LC),Daily Mean,24 HOUR,306
Pennsylvania,Carlisle,Cumberland,  40.246527999999998, -77.186750000000004,PM2.5 - Local Conditions,Micrograms/cubic meter (LC),Daily Mean,24-HR BLK AVG,347
Pennsylvania,Carlisle,Cumberland,  40.246527999999998, -77.186750000000004,PM2.5 - Local Conditions,Micrograms/cubic meter (LC),Daily Mean,24-HR BLK AVG,347
Pennsylvania, ,Dauphin,  40.246991999999999, -76.846987999999996,Ozone,Parts per million,Daily maximum of 8-hour running average,8-HR RUN AVG BEGIN HOUR,4524
Pennsylvania, ,Dauphin,  40.246991999999999, -76.846987999999996,PM2.5 - Local Conditions,Micrograms/cubic meter (LC),Daily Mean,24 HOUR,242
Pennsylvania, ,Dauphin,  40.246991999999999, -76.846987999999996,PM2.5 - Local Conditions,Micrograms/cubic meter (LC),Daily Mean,24 HOUR,242
Pennsylvania, ,Dauphin,  40.246991999999999, -76.846987999999996,PM2.5 - Local Conditions,Micrograms/cubic meter (LC),Daily Mean,24-HR BLK AVG,215
Pennsylvania, ,Dauphin,  40.246991999999999, -76.846987999999996,PM2.5 - Local Conditions,Micrograms/cubic meter (LC),Daily Mean,24-HR BLK AVG,215
Pennsylvania,Hershey,Dauphin,  40.272221999999999, -76.681388999999996,Ozone,Parts per million,Daily maximum of 8-hour running average,8-HR RUN AVG BEGIN HOUR,5625
Pennsylvania,Chester,Delaware,  39.835555999999997, -75.372500000000002,Nitrogen dioxide (NO2),Parts per billion,Observed values,1 HOUR,7796
Pennsylvania,Chester,Delaware,  39.835555999999997, -75.372500000000002,Ozone,Parts per million,Daily maximum of 8-hour running average,8-HR RUN AVG BEGIN HOUR,6136
Pennsylvania,Chester,Delaware,  39.835555999999997, -75.372500000000002,PM2.5 - Local Conditions,Micrograms/cubic meter (LC),Daily Mean,24 HOUR,56
Pennsylvania,Chester,Delaware,  39.835555999999997, -75.372500000000002,PM2.5 - Local Conditions,Micrograms/cubic meter (LC),Daily Mean,24 HOUR,56
Pennsylvania,Chester,Delaware,  39.835555999999997, -75.372500000000002,PM2.5 - Local Conditions,Micrograms/cubic meter (LC),Daily Mean,24-HR BLK AVG,336
Pennsylvania,Chester,Delaware,  39.835555999999997, -75.372500000000002,PM2.5 - Local Conditions,Micrograms/cubic meter (LC),Daily Mean,24-HR BLK AVG,336
Pennsylvania, ,Elk,  41.598118999999997, -78.767866999999995,Ozone,Parts per million,Daily maximum of 8-hour running average,8-HR RUN AVG BEGIN HOUR,6133
Pennsylvania,Erie,Erie,  42.141750000000002, -80.038611000000003,Nitrogen dioxide (NO2),Parts per billion,Observed values,1 HOUR,8336
Pennsylvania,Erie,Erie,  42.141750000000002, -80.038611000000003,Ozone,Parts per million,Daily maximum of 8-hour running average,8-HR RUN AVG BEGIN HOUR,6051
Pennsylvania,Erie,Erie,  42.141750000000002, -80.038611000000003,PM2.5 - Local Conditions,Micrograms/cubic meter (LC),Daily Mean,24-HR BLK AVG,348
Pennsylvania,Erie,Erie,  42.141750000000002, -80.038611000000003,PM2.5 - Local Conditions,Micrograms/cubic meter (LC),Daily Mean,24-HR BLK AVG,348
Pennsylvania, ,Franklin,  39.961111000000002, -77.475555999999997,Ozone,Parts per million,Daily maximum of 8-hour running average,8-HR RUN AVG BEGIN HOUR,5877
Pennsylvania, ,Greene,  39.809330000000003, -80.265670000000000,Ozone,Parts per million,Daily maximum of 8-hour running average,8-HR RUN AVG BEGIN HOUR,5795
Pennsylvania, ,Indiana,  40.563330000000001, -78.919972000000001,Ozone,Parts per million,Daily maximum of 8-hour running average,8-HR RUN AVG BEGIN HOUR,5974
Pennsylvania,Blakely,Lackawanna,  41.479115999999998, -75.578186000000002,Ozone,Parts per million,Daily maximum of 8-hour running average,8-HR RUN AVG BEGIN HOUR,5997
Pennsylvania,Scranton,Lackawanna,  41.442777999999997, -75.623056000000005,Nitrogen dioxide (NO2),Parts per billion,Observed values,1 HOUR,8431
Pennsylvania,Scranton,Lackawanna,  41.442777999999997, -75.623056000000005,Ozone,Parts per million,Daily maximum of 8-hour running average,8-HR RUN AVG BEGIN HOUR,6062
Pennsylvania,Scranton,Lackawanna,  41.442777999999997, -75.623056000000005,PM2.5 - Local Conditions,Micrograms/cubic meter (LC),Daily Mean,24-HR BLK AVG,334
Pennsylvania,Scranton,Lackawanna,  41.442777999999997, -75.623056000000005,PM2.5 - Local Conditions,Micrograms/cubic meter (LC),Daily Mean,24-HR BLK AVG,334
Pennsylvania,Lancaster,Lancaster,  40.046666999999999, -76.283332999999999,Nitrogen dioxide (NO2),Parts per billion,Observed values,1 HOUR,8224
Pennsylvania,Lancaster,Lancaster,  40.046666999999999, -76.283332999999999,Ozone,Parts per million,Daily maximum of 8-hour running average,8-HR RUN AVG BEGIN HOUR,6157
Pennsylvania,Lancaster,Lancaster,  40.046666999999999, -76.283332999999999,PM2.5 - Local Conditions,Micrograms/cubic meter (LC),Daily Mean,24 HOUR,361
Pennsylvania,Lancaster,Lancaster,  40.046666999999999, -76.283332999999999,PM2.5 - Local Conditions,Micrograms/cubic meter (LC),Daily Mean,24 HOUR,361
Pennsylvania,Lancaster,Lancaster,  40.046666999999999, -76.283332999999999,PM2.5 - Local Conditions,Micrograms/cubic meter (LC),Daily Mean,24 HOUR,59
Pennsylvania,Lancaster,Lancaster,  40.046666999999999, -76.283332999999999,PM2.5 - Local Conditions,Micrograms/cubic meter (LC),Daily Mean,24 HOUR,59
Pennsylvania,Lancaster,Lancaster,  40.046666999999999, -76.283332999999999,PM2.5 - Local Conditions,Micrograms/cubic meter (LC),Daily Mean,24-HR BLK AVG,361
Pennsylvania,Lancaster,Lancaster,  40.046666999999999, -76.283332999999999,PM2.5 - Local Conditions,Micrograms/cubic meter (LC),Daily Mean,24-HR BLK AVG,361
Pennsylvania, ,Lancaster,  40.043832999999999, -76.112399999999994,Ozone,Parts per million,Daily maximum of 8-hour running average,8-HR RUN AVG BEGIN HOUR,6148
Pennsylvania,New Castle,Lawrence,  40.995848000000002, -80.346441999999996,Ozone,Parts per million,Daily maximum of 8-hour running average,8-HR RUN AVG BEGIN HOUR,6149
Pennsylvania, ,Lebanon,  40.337327999999999, -76.383447000000004,Ozone,Parts per million,Daily maximum of 8-hour running average,8-HR RUN AVG BEGIN HOUR,6168
Pennsylvania, ,Lebanon,  40.337327999999999, -76.383447000000004,PM2.5 - Local Conditions,Micrograms/cubic meter (LC),Daily Mean,24-HR BLK AVG,342
Pennsylvania, ,Lebanon,  40.337327999999999, -76.383447000000004,PM2.5 - Local Conditions,Micrograms/cubic meter (LC),Daily Mean,24-HR BLK AVG,342
Pennsylvania,Allentown,Lehigh,  40.611944000000001, -75.432500000000005,Ozone,Parts per million,Daily maximum of 8-hour running average,8-HR RUN AVG BEGIN HOUR,6109
Pennsylvania,Nanticoke,Luzerne,  41.209167000000001, -76.003332999999998,Ozone,Parts per million,Daily maximum of 8-hour running average,8-HR RUN AVG BEGIN HOUR,6184
Pennsylvania,Wilkes-Barre,Luzerne,  41.265555999999997, -75.846389000000002,Ozone,Parts per million,Daily maximum of 8-hour running average,8-HR RUN AVG BEGIN HOUR,6025
Pennsylvania,Montoursville,Lycoming,  41.250799999999998, -76.923800000000000,Ozone,Parts per million,Daily maximum of 8-hour running average,8-HR RUN AVG BEGIN HOUR,6091
Pennsylvania,Farrell,Mercer,  41.215013999999996, -80.484779000000003,Ozone,Parts per million,Daily maximum of 8-hour running average,8-HR RUN AVG BEGIN HOUR,5745
Pennsylvania,Farrell,Mercer,  41.215013999999996, -80.484779000000003,PM2.5 - Local Conditions,Micrograms/cubic meter (LC),Daily Mean,24 HOUR,303
Pennsylvania,Farrell,Mercer,  41.215013999999996, -80.484779000000003,PM2.5 - Local Conditions,Micrograms/cubic meter (LC),Daily Mean,24 HOUR,303
Pennsylvania,Farrell,Mercer,  41.215013999999996, -80.484779000000003,PM2.5 - Local Conditions,Micrograms/cubic meter (LC),Daily Mean,24-HR BLK AVG,211
Pennsylvania,Farrell,Mercer,  41.215013999999996, -80.484779000000003,PM2.5 - Local Conditions,Micrograms/cubic meter (LC),Daily Mean,24-HR BLK AVG,211
Pennsylvania, ,Mercer,  41.427100000000003, -80.145099999999999,Ozone,Parts per million,Daily maximum of 8-hour running average,8-HR RUN AVG BEGIN HOUR,5957
Pennsylvania, ,Monroe,  41.083060000000003, -75.323279999999997,Ozone,Parts per million,Daily maximum of 8-hour running average,8-HR RUN AVG BEGIN HOUR,6182
Pennsylvania, ,Monroe,  41.083060000000003, -75.323279999999997,PM2.5 - Local Conditions,Micrograms/cubic meter (LC),Daily Mean,24-HR BLK AVG,342
Pennsylvania, ,Monroe,  41.083060000000003, -75.323279999999997,PM2.5 - Local Conditions,Micrograms/cubic meter (LC),Daily Mean,24-HR BLK AVG,342
Pennsylvania,Norristown,Montgomery,  40.112222000000003, -75.309167000000002,Ozone,Parts per million,Daily maximum of 8-hour running average,8-HR RUN AVG BEGIN HOUR,6129
Pennsylvania,Norristown,Montgomery,  40.112222000000003, -75.309167000000002,PM2.5 - Local Conditions,Micrograms/cubic meter (LC),Daily Mean,24 HOUR,312
Pennsylvania,Norristown,Montgomery,  40.112222000000003, -75.309167000000002,PM2.5 - Local Conditions,Micrograms/cubic meter (LC),Daily Mean,24 HOUR,312
Pennsylvania,Norristown,Montgomery,  40.112222000000003, -75.309167000000002,PM2.5 - Local Conditions,Micrograms/cubic meter (LC),Daily Mean,24-HR BLK AVG,340
Pennsylvania,Norristown,Montgomery,  40.112222000000003, -75.309167000000002,PM2.5 - Local Conditions,Micrograms/cubic meter (LC),Daily Mean,24-HR BLK AVG,340
Pennsylvania,Freemansburg,Northampton,  40.628056000000001, -75.341110999999998,Nitrogen dioxide (NO2),Parts per billion,Observed values,1 HOUR,8607
Pennsylvania,Freemansburg,Northampton,  40.628056000000001, -75.341110999999998,Ozone,Parts per million,Daily maximum of 8-hour running average,8-HR RUN AVG BEGIN HOUR,4941
Pennsylvania,Freemansburg,Northampton,  40.628056000000001, -75.341110999999998,PM2.5 - Local Conditions,Micrograms/cubic meter (LC),Daily Mean,24 HOUR,344
Pennsylvania,Freemansburg,Northampton,  40.628056000000001, -75.341110999999998,PM2.5 - Local Conditions,Micrograms/cubic meter (LC),Daily Mean,24 HOUR,344
Pennsylvania,Freemansburg,Northampton,  40.628056000000001, -75.341110999999998,PM2.5 - Local Conditions,Micrograms/cubic meter (LC),Daily Mean,24-HR BLK AVG,325
Pennsylvania,Freemansburg,Northampton,  40.628056000000001, -75.341110999999998,PM2.5 - Local Conditions,Micrograms/cubic meter (LC),Daily Mean,24-HR BLK AVG,325
Pennsylvania, ,Northampton,  40.645888999999997, -75.404397000000003,PM2.5 - Local Conditions,Micrograms/cubic meter (LC),Daily Mean,24 HOUR,349
Pennsylvania, ,Northampton,  40.645888999999997, -75.404397000000003,PM2.5 - Local Conditions,Micrograms/cubic meter (LC),Daily Mean,24 HOUR,349
Pennsylvania,Wilson,Northampton,  40.692224000000003, -75.237155999999999,Ozone,Parts per million,Daily maximum of 8-hour running average,8-HR RUN AVG BEGIN HOUR,4763
Pennsylvania, ,Perry,  40.456944000000000, -77.165555999999995,Nitrogen dioxide (NO2),Parts per billion,Observed values,1 HOUR,8197
Pennsylvania, ,Perry,  40.456944000000000, -77.165555999999995,Ozone,Parts per million,Daily maximum of 8-hour running average,8-HR RUN AVG BEGIN HOUR,6163
Pennsylvania,Philadelphia,Philadelphia,  40.008889000000003, -75.097780000000000,Nitrogen dioxide (NO2),Parts per billion,Observed values,1 HOUR,7899
Pennsylvania,Philadelphia,Philadelphia,  40.008889000000003, -75.097780000000000,Ozone,Parts per million,Daily maximum of 8-hour running average,8-HR RUN AVG BEGIN HOUR,6164
Pennsylvania,Philadelphia,Philadelphia,  40.008889000000003, -75.097780000000000,PM2.5 - Local Conditions,Micrograms/cubic meter (LC),Daily Mean,24 HOUR,223
Pennsylvania,Philadelphia,Philadelphia,  40.008889000000003, -75.097780000000000,PM2.5 - Local Conditions,Micrograms/cubic meter (LC),Daily Mean,24 HOUR,223
Pennsylvania,Philadelphia,Philadelphia,  40.076388999999999, -75.011944000000000,Ozone,Parts per million,Daily maximum of 8-hour running average,8-HR RUN AVG BEGIN HOUR,5841
Pennsylvania,Philadelphia,Philadelphia,  39.944651000000000, -75.165205999999998,Nitrogen dioxide (NO2),Parts per billion,Observed values,1 HOUR,8349
Pennsylvania,Philadelphia,Philadelphia,  39.944651000000000, -75.165205999999998,PM2.5 - Local Conditions,Micrograms/cubic meter (LC),Daily Mean,24 HOUR,166
Pennsylvania,Philadelphia,Philadelphia,  39.944651000000000, -75.165205999999998,PM2.5 - Local Conditions,Micrograms/cubic meter (LC),Daily Mean,24 HOUR,166
Pennsylvania,Philadelphia,Philadelphia,  39.944651000000000, -75.165205999999998,PM2.5 - Local Conditions,Micrograms/cubic meter (LC),Daily Mean,24-HR BLK AVG,251
Pennsylvania,Philadelphia,Philadelphia,  39.944651000000000, -75.165205999999998,PM2.5 - Local Conditions,Micrograms/cubic meter (LC),Daily Mean,24-HR BLK AVG,251
Pennsylvania,Philadelphia,Philadelphia,  39.944651000000000, -75.165205999999998,PM2.5 - Local Conditions,Micrograms/cubic meter (LC),Daily Mean,24 HOUR,83
Pennsylvania,Philadelphia,Philadelphia,  39.944651000000000, -75.165205999999998,PM2.5 - Local Conditions,Micrograms/cubic meter (LC),Daily Mean,24 HOUR,83
Pennsylvania,Philadelphia,Philadelphia,  39.991388999999998, -75.080832999999998,Ozone,Parts per million,Daily maximum of 8-hour running average,8-HR RUN AVG BEGIN HOUR,1232
Pennsylvania,Philadelphia,Philadelphia,  39.991388999999998, -75.080832999999998,PM2.5 - Local Conditions,Micrograms/cubic meter (LC),Daily Mean,24 HOUR,24
Pennsylvania,Philadelphia,Philadelphia,  39.991388999999998, -75.080832999999998,PM2.5 - Local Conditions,Micrograms/cubic meter (LC),Daily Mean,24 HOUR,24
Pennsylvania,Philadelphia,Philadelphia,  39.991388999999998, -75.080832999999998,PM2.5 - Local Conditions,Micrograms/cubic meter (LC),Daily Mean,24-HR BLK AVG,73
Pennsylvania,Philadelphia,Philadelphia,  39.991388999999998, -75.080832999999998,PM2.5 - Local Conditions,Micrograms/cubic meter (LC),Daily Mean,24-HR BLK AVG,73
Pennsylvania,Philadelphia,Philadelphia,  39.922866999999997, -75.186920999999998,PM2.5 - Local Conditions,Micrograms/cubic meter (LC),Daily Mean,24 HOUR,87
Pennsylvania,Philadelphia,Philadelphia,  39.922866999999997, -75.186920999999998,PM2.5 - Local Conditions,Micrograms/cubic meter (LC),Daily Mean,24 HOUR,87
Pennsylvania,Philadelphia,Philadelphia,  39.922866999999997, -75.186920999999998,PM2.5 - Local Conditions,Micrograms/cubic meter (LC),Daily Mean,24-HR BLK AVG,213
Pennsylvania,Philadelphia,Philadelphia,  39.922866999999997, -75.186920999999998,PM2.5 - Local Conditions,Micrograms/cubic meter (LC),Daily Mean,24-HR BLK AVG,213
Pennsylvania,Philadelphia,Philadelphia,  39.960048000000000, -75.142613999999995,PM2.5 - Local Conditions,Micrograms/cubic meter (LC),Daily Mean,24 HOUR,117
Pennsylvania,Philadelphia,Philadelphia,  39.960048000000000, -75.142613999999995,PM2.5 - Local Conditions,Micrograms/cubic meter (LC),Daily Mean,24 HOUR,117
Pennsylvania,Philadelphia,Philadelphia,  39.960048000000000, -75.142613999999995,PM2.5 - Local Conditions,Micrograms/cubic meter (LC),Daily Mean,24-HR BLK AVG,177
Pennsylvania,Philadelphia,Philadelphia,  39.960048000000000, -75.142613999999995,PM2.5 - Local Conditions,Micrograms/cubic meter (LC),Daily Mean,24-HR BLK AVG,177
Pennsylvania,Philadelphia,Philadelphia,  40.035984999999997, -75.002404999999996,Ozone,Parts per million,Daily maximum of 8-hour running average,8-HR RUN AVG BEGIN HOUR,4515
Pennsylvania,Philadelphia,Philadelphia,  40.035984999999997, -75.002404999999996,PM2.5 - Local Conditions,Micrograms/cubic meter (LC),Daily Mean,24 HOUR,84
Pennsylvania,Philadelphia,Philadelphia,  40.035984999999997, -75.002404999999996,PM2.5 - Local Conditions,Micrograms/cubic meter (LC),Daily Mean,24 HOUR,84
Pennsylvania,Philadelphia,Philadelphia,  40.035984999999997, -75.002404999999996,PM2.5 - Local Conditions,Micrograms/cubic meter (LC),Daily Mean,24-HR BLK AVG,256
Pennsylvania,Philadelphia,Philadelphia,  40.035984999999997, -75.002404999999996,PM2.5 - Local Conditions,Micrograms/cubic meter (LC),Daily Mean,24-HR BLK AVG,256
Pennsylvania, ,Somerset,  39.987800000000000, -79.251499999999993,Ozone,Parts per million,Daily maximum of 8-hour running average,8-HR RUN AVG BEGIN HOUR,5466
Pennsylvania, ,Tioga,  41.644722000000002, -76.939166999999998,Nitrogen dioxide (NO2),Parts per billion,Observed values,1 HOUR,8452
Pennsylvania, ,Tioga,  41.644722000000002, -76.939166999999998,Ozone,Parts per million,Daily maximum of 8-hour running average,8-HR RUN AVG BEGIN HOUR,5987
Pennsylvania,Charleroi,Washington,  40.146667000000001, -79.902221999999995,Nitrogen dioxide (NO2),Parts per billion,Observed values,1 HOUR,8607
Pennsylvania,Charleroi,Washington,  40.146667000000001, -79.902221999999995,Ozone,Parts per million,Daily maximum of 8-hour running average,8-HR RUN AVG BEGIN HOUR,6120
Pennsylvania,Charleroi,Washington,  40.146667000000001, -79.902221999999995,PM2.5 - Local Conditions,Micrograms/cubic meter (LC),Daily Mean,24-HR BLK AVG,346
Pennsylvania,Charleroi,Washington,  40.146667000000001, -79.902221999999995,PM2.5 - Local Conditions,Micrograms/cubic meter (LC),Daily Mean,24-HR BLK AVG,346
Pennsylvania,Washington,Washington,  40.170555999999998, -80.261388999999994,Ozone,Parts per million,Daily maximum of 8-hour running average,8-HR RUN AVG BEGIN HOUR,6104
Pennsylvania,Washington,Washington,  40.170555999999998, -80.261388999999994,PM2.5 - Local Conditions,Micrograms/cubic meter (LC),Daily Mean,24 HOUR,305
Pennsylvania,Washington,Washington,  40.170555999999998, -80.261388999999994,PM2.5 - Local Conditions,Micrograms/cubic meter (LC),Daily Mean,24 HOUR,305
Pennsylvania,Washington,Washington,  40.170555999999998, -80.261388999999994,PM2.5 - Local Conditions,Micrograms/cubic meter (LC),Daily Mean,24-HR BLK AVG,351
Pennsylvania,Washington,Washington,  40.170555999999998, -80.261388999999994,PM2.5 - Local Conditions,Micrograms/cubic meter (LC),Daily Mean,24-HR BLK AVG,351
Pennsylvania, ,Washington,  40.445278000000002, -80.420833000000002,Ozone,Parts per million,Daily maximum of 8-hour running average,8-HR RUN AVG BEGIN HOUR,6124
Pennsylvania, ,Washington,  40.445278000000002, -80.420833000000002,PM2.5 - Local Conditions,Micrograms/cubic meter (LC),Daily Mean,24 HOUR,325
Pennsylvania, ,Washington,  40.445278000000002, -80.420833000000002,PM2.5 - Local Conditions,Micrograms/cubic meter (LC),Daily Mean,24 HOUR,325
Pennsylvania, ,Washington,  40.445278000000002, -80.420833000000002,PM2.5 - Local Conditions,Micrograms/cubic meter (LC),Daily Mean,24-HR BLK AVG,301
Pennsylvania, ,Washington,  40.445278000000002, -80.420833000000002,PM2.5 - Local Conditions,Micrograms/cubic meter (LC),Daily Mean,24-HR BLK AVG,301
Pennsylvania, ,Washington,  40.268962999999999, -80.243994999999998,Nitrogen dioxide (NO2),Parts per billion,Observed values,1 HOUR,8391
Pennsylvania, ,Washington,  40.268962999999999, -80.243994999999998,Ozone,Parts per million,Daily maximum of 8-hour running average,8-HR RUN AVG BEGIN HOUR,6095
Pennsylvania, ,Washington,  40.268962999999999, -80.243994999999998,PM2.5 - Local Conditions,Micrograms/cubic meter (LC),Daily Mean,24 HOUR,333
Pennsylvania, ,Washington,  40.268962999999999, -80.243994999999998,PM2.5 - Local Conditions,Micrograms/cubic meter (LC),Daily Mean,24 HOUR,333
Pennsylvania,Municipality of Murrysville (corp for Murrysville),Westmoreland,  40.428075999999997, -79.692811000000006,Ozone,Parts per million,Daily maximum of 8-hour running average,8-HR RUN AVG BEGIN HOUR,6098
Pennsylvania,Greensburg,Westmoreland,  40.304693999999998, -79.505667000000003,Ozone,Parts per million,Daily maximum of 8-hour running average,8-HR RUN AVG BEGIN HOUR,6098
Pennsylvania,Greensburg,Westmoreland,  40.304693999999998, -79.505667000000003,PM2.5 - Local Conditions,Micrograms/cubic meter (LC),Daily Mean,24 HOUR,346
Pennsylvania,Greensburg,Westmoreland,  40.304693999999998, -79.505667000000003,PM2.5 - Local Conditions,Micrograms/cubic meter (LC),Daily Mean,24 HOUR,346
Pennsylvania,Greensburg,Westmoreland,  40.304693999999998, -79.505667000000003,PM2.5 - Local Conditions,Micrograms/cubic meter (LC),Daily Mean,24-HR BLK AVG,261
Pennsylvania,Greensburg,Westmoreland,  40.304693999999998, -79.505667000000003,PM2.5 - Local Conditions,Micrograms/cubic meter (LC),Daily Mean,24-HR BLK AVG,261
Pennsylvania,Greensburg,Westmoreland,  40.304693999999998, -79.505667000000003,PM2.5 - Local Conditions,Micrograms/cubic meter (LC),Daily Mean,24-HR BLK AVG,312
Pennsylvania,Greensburg,Westmoreland,  40.304693999999998, -79.505667000000003,PM2.5 - Local Conditions,Micrograms/cubic meter (LC),Daily Mean,24-HR BLK AVG,312
Pennsylvania,York,York,  39.965277999999998, -76.699444000000000,Nitrogen dioxide (NO2),Parts per billion,Observed values,1 HOUR,7719
Pennsylvania,York,York,  39.965277999999998, -76.699444000000000,Ozone,Parts per million,Daily maximum of 8-hour running average,8-HR RUN AVG BEGIN HOUR,6166
Pennsylvania,York,York,  39.965277999999998, -76.699444000000000,PM2.5 - Local Conditions,Micrograms/cubic meter (LC),Daily Mean,24 HOUR,290
Pennsylvania,York,York,  39.965277999999998, -76.699444000000000,PM2.5 - Local Conditions,Micrograms/cubic meter (LC),Daily Mean,24 HOUR,290
Pennsylvania,York,York,  39.965277999999998, -76.699444000000000,PM2.5 - Local Conditions,Micrograms/cubic meter (LC),Daily Mean,24 HOUR,53
Pennsylvania,York,York,  39.965277999999998, -76.699444000000000,PM2.5 - Local Conditions,Micrograms/cubic meter (LC),Daily Mean,24 HOUR,53
Pennsylvania,York,York,  39.965277999999998, -76.699444000000000,PM2.5 - Local Conditions,Micrograms/cubic meter (LC),Daily Mean,24-HR BLK AVG,360
Pennsylvania,York,York,  39.965277999999998, -76.699444000000000,PM2.5 - Local Conditions,Micrograms/cubic meter (LC),Daily Mean,24-HR BLK AVG,360
Pennsylvania, ,York,  39.860970000000002, -76.462055000000007,Ozone,Parts per million,Daily maximum of 8-hour running average,8-HR RUN AVG BEGIN HOUR,6054
Vermont,Bennington,Bennington,  42.887590000000003, -73.249840000000006,Ozone,Parts per million,Daily maximum of 8-hour running average,8-HR RUN AVG BEGIN HOUR,6113
Vermont,Bennington,Bennington,  42.887590000000003, -73.249840000000006,PM2.5 - Local Conditions,Micrograms/cubic meter (LC),Daily Mean,24 HOUR,117
Vermont,Bennington,Bennington,  42.887590000000003, -73.249840000000006,PM2.5 - Local Conditions,Micrograms/cubic meter (LC),Daily Mean,24 HOUR,117
Vermont,Underhill (Town of),Chittenden,  44.528390000000002, -72.868840000000006,Ozone,Parts per million,Daily maximum of 8-hour running average,8-HR RUN AVG BEGIN HOUR,5976
Vermont,Underhill (Town of),Chittenden,  44.528390000000002, -72.868840000000006,PM2.5 - Local Conditions,Micrograms/cubic meter (LC),Daily Mean,24 HOUR,104
Vermont,Underhill (Town of),Chittenden,  44.528390000000002, -72.868840000000006,PM2.5 - Local Conditions,Micrograms/cubic meter (LC),Daily Mean,24 HOUR,104
Vermont,Burlington,Chittenden,  44.480277999999998, -73.214444000000000,PM2.5 - Local Conditions,Micrograms/cubic meter (LC),Daily Mean,24 HOUR,106
Vermont,Burlington,Chittenden,  44.480277999999998, -73.214444000000000,PM2.5 - Local Conditions,Micrograms/cubic meter (LC),Daily Mean,24 HOUR,106
Vermont,Burlington,Chittenden,  44.480277999999998, -73.214444000000000,PM2.5 - Local Conditions,Micrograms/cubic meter (LC),Daily Mean,24 HOUR,114
Vermont,Burlington,Chittenden,  44.480277999999998, -73.214444000000000,PM2.5 - Local Conditions,Micrograms/cubic meter (LC),Daily Mean,24 HOUR,114
Vermont,Burlington,Chittenden,  44.476199999999999, -73.210599999999999,Nitrogen dioxide (NO2),Parts per billion,Observed values,1 HOUR,8287
Vermont,Burlington,Chittenden,  44.476199999999999, -73.210599999999999,PM2.5 - Local Conditions,Micrograms/cubic meter (LC),Daily Mean,24 HOUR,87
Vermont,Burlington,Chittenden,  44.476199999999999, -73.210599999999999,PM2.5 - Local Conditions,Micrograms/cubic meter (LC),Daily Mean,24 HOUR,87
Vermont,Rutland,Rutland,  43.608055999999998, -72.982777999999996,Nitrogen dioxide (NO2),Parts per billion,Observed values,1 HOUR,7450
Vermont,Rutland,Rutland,  43.608055999999998, -72.982777999999996,PM2.5 - Local Conditions,Micrograms/cubic meter (LC),Daily Mean,24 HOUR,115
Vermont,Rutland,Rutland,  43.608055999999998, -72.982777999999996,PM2.5 - Local Conditions,Micrograms/cubic meter (LC),Daily Mean,24 HOUR,115
Vermont,Rutland,Rutland,  43.608055999999998, -72.982777999999996,PM2.5 - Local Conditions,Micrograms/cubic meter (LC),Daily Mean,24 HOUR,63
Vermont,Rutland,Rutland,  43.608055999999998, -72.982777999999996,PM2.5 - Local Conditions,Micrograms/cubic meter (LC),Daily Mean,24 HOUR,63
